Sample	Total Reads	Total Passed QC	Mapped	Duplicates	Paired in Sequencing	Properly Paired	Self and mate mapped	Singletons	Mate mapped to diff chr	Diff chr (mapQ >= 5)
INPUT_rep1_flagstat	30.041539999999998	30.041539999999998	28.870437	0	0	0	0	0	0	0	
INPUT_rep2_flagstat	10.890224	10.890224	10.189399	0	0	0	0	0	0	0	
IP_rep1_flagstat	29.050434	29.050434	28.098601	0	0	0	0	0	0	0	
IP_rep2_flagstat	28.968173999999998	28.968173999999998	28.468439999999998	0	0	0	0	0	0	0	
